<application>
  <component name="FileTypeManager" version="17">
    <extensionMap>
      <mapping pattern="steps" type="PLAIN_TEXT" />
      <mapping pattern="test" type="PLAIN_TEXT" />
      <mapping pattern="confirmPhoneNumberForm" type="PLAIN_TEXT" />
      <mapping pattern="yearMonthDateGroupField.tsx" type="PLAIN_TEXT" />
      <mapping pattern="contactInfoPerson" type="PLAIN_TEXT" />
      <mapping pattern="requireLogin.ts" type="PLAIN_TEXT" />
      <mapping pattern=".env" type="PLAIN_TEXT" />
      <mapping pattern="bankAccount" type="PLAIN_TEXT" />
      <mapping pattern="tMedium1Primary" type="PLAIN_TEXT" />
      <mapping pattern="typographyLight14Primary" type="PLAIN_TEXT" />
      <mapping pattern="quoteDetails" type="PLAIN_TEXT" />
      <mapping pattern="amount" type="PLAIN_TEXT" />
      <mapping pattern=".dockerignore" type="PLAIN_TEXT" />
      <mapping pattern="editableCard" type="PLAIN_TEXT" />
      <mapping pattern="requestQuote" type="PLAIN_TEXT" />
      <mapping pattern="hah" type="PLAIN_TEXT" />
      <mapping pattern=".gitkeep" type="PLAIN_TEXT" />
      <mapping pattern="currencyType" type="PLAIN_TEXT" />
      <mapping pattern="amountField" type="PLAIN_TEXT" />
      <mapping pattern=".env.example" type="PLAIN_TEXT" />
      <mapping pattern="countryField" type="PLAIN_TEXT" />
      <mapping ext="properties" type="PLAIN_TEXT" />
      <mapping ext="env" type="PLAIN_TEXT" />
    </extensionMap>
  </component>
</application>