<application>
  <component name="ProjectManager">
    <defaultProject>
      <component name="Encoding" addBOMForNewFiles="with NO BOM" />
      <component name="InspectionProjectProfileManager">
        <profile version="1.0">
          <option name="myName" value="Project Default" />
          <inspection_tool class="Eslint" enabled="true" level="ERROR" enabled_by_default="true" />
          <inspection_tool class="Stylelint" enabled="true" level="ERROR" enabled_by_default="true" />
          <inspection_tool class="TsLint" enabled="true" level="ERROR" enabled_by_default="true" />
        </profile>
        <version value="1.0" />
      </component>
      <component name="JavaScriptSettings">
        <option name="languageLevel" value="JSX" />
      </component>
      <component name="JsBowerSettings">
        <node-interpreter value="project" />
        <bower-package value="" />
        <bower.json value="" />
      </component>
      <component name="JsFlowSettings">
        <service-enabled>true</service-enabled>
        <exe-path />
        <other-services-enabled>true</other-services-enabled>
        <auto-save>true</auto-save>
      </component>
      <component name="ProjectDictionaryState">
        <dictionary name="r.vitruk" />
      </component>
      <component name="ProjectInspectionProfilesVisibleTreeState">
        <entry key="Project Default">
          <profile-state>
            <expanded-state>
              <State>
                <id />
              </State>
              <State>
                <id>General</id>
              </State>
              <State>
                <id>XPath</id>
              </State>
            </expanded-state>
            <selected-state>
              <State>
                <id>AngularJS</id>
              </State>
            </selected-state>
          </profile-state>
        </entry>
      </component>
      <component name="PropertiesComponent">
        <property name="HbShouldOpenHtmlAsHb" value="" />
        <property name="JavaScriptWeakerCompletionTypeGuess" value="true" />
        <property name="javascript.nodejs.core.library.configured.version" value="8.12.0" />
        <property name="node.js.path.for.package.eslint" value="project" />
        <property name="node.js.path.for.package.standard" value="project" />
        <property name="node.js.path.for.package.stylelint" value="project" />
        <property name="node.js.path.for.package.tslint" value="project" />
        <property name="node.js.selected.package.eslint" value="/usr/local/lib/node_modules/eslint" />
        <property name="node.js.selected.package.standard" value="/usr/local/lib/node_modules/eslint" />
        <property name="node.js.selected.package.stylelint" value="/usr/local/lib/node_modules/stylelint" />
        <property name="node.js.selected.package.tslint" value="" />
        <property name="nodejs_interpreter_path.stuck_in_default_project" value="undefined stuck path" />
        <property name="nodejs_npm_path_reset_for_default_project" value="true" />
        <property name="settings.editor.selected.configurable" value="settings.typescriptcompiler" />
      </component>
      <component name="TsLintConfiguration" use-custom-config-file="true" custom-config-file-path="$USER_HOME$/InstagramApp-API-GraphQL/tslint.json" allowJs="true" />
      <component name="TypeScriptCompiler">
        <option name="enableServiceForProjectsWithoutConfig" value="true" />
        <option name="recompileOnChanges" value="true" />
      </component>
    </defaultProject>
  </component>
</application>